<?xml version="1.0" encoding="UTF-8"?>
<!DOCTYPE hibernate-mapping PUBLIC
        "-//Hibernate/Hibernate Mapping DTD 3.0//EN"
        "http://www.hibernate.org/dtd/hibernate-mapping-3.0.dtd">  
            
<hibernate-mapping package="assignment3"> 
<class name="Continent" table="Continent">  
<id name="cname">  
<generator class="assigned"></generator>  
</id>   
<map name="Countries" table="Country" cascade="all">  
<key column="cname"></key>  
<index column="country" type="string"></index>  
<element column="capital" type="string"></element>  
</map>  
</class>  
  
</hibernate-mapping>   